loginname,password
admin,123456
tom1,123456
tom2,123456
tom3,123456
test1,123456
test2,123456
test3,123456
test4,123456
test5,123456
test6,123456
test7,123456
test8,123456
test9,123456
test10,123456
test11,123456
admin,123456
tom1,123456
tom2,123456
tom3,123456
test1,123456
test2,123456
test3,123456
test4,123456
test5,123456
test6,123456
test7,123456
test8,123456
test9,123456
test10,123456
test11,123456
admin,123456
tom1,123456
tom2,123456
tom3,123456
test1,123456
test2,123456
test3,123456
test4,123456
test5,123456
test6,123456
test7,123456
test8,123456
test9,123456
test10,123456
test11,123456
admin,123456
tom1,123456
tom2,123456
tom3,123456
test1,123456
test2,123456
test3,123456
test4,123456
test5,123456
test6,123456
test7,123456
test8,123456
test9,123456
test10,123456
test11,123456
admin,123456
tom1,123456
tom2,123456
tom3,123456
test1,123456
test2,123456
test3,123456
test4,123456
test5,123456
test6,123456
test7,123456
test8,123456
test9,123456
test10,123456
test11,123456
admin,123456
tom1,123456
tom2,123456
tom3,123456
test1,123456
test2,123456
test3,123456
test4,123456
test5,123456
test6,123456
test7,123456
test8,123456
test9,123456
test10,123456
test11,123456
admin,123456
tom1,123456
tom2,123456
tom3,123456
test1,123456
test2,123456
test3,123456
test4,123456
test5,123456
test6,123456
test7,123456
test8,123456
test9,123456
test10,123456
test11,123456
